,phenotype,t_stat,p_value
0,Phenotype_A,266.5417491618159,0.0
1,Phenotype_B,-45.92080042872027,0.0
2,Phenotype_C,101.49939518925606,0.0
3,Phenotype_D,-48.66710765781633,0.0
4,Phenotype_E,-6.634042480459481,3.2694816772806884e-11
