GENE_ID,COUNTS_TREATED,COUNTS_CONTROL,ADJ_PVAL
ENSG00000152583,20034,270,1.331569e-71
ENSG00000179094,12006,67,6.107735e-56
ENSG00000116584,3404,44,3.288065e-53
ENSG00000189221,65034,22,3.475625e-52
ENSG00000120129,7734,71,1.598958e-44
ENSG00000120129,13036,335,1.801308e-42
