GENE_ID,ADJ_PVAL
ENSG00000152583,1.331569e-71
ENSG00000179094,6.107735e-56
ENSG00000116584,3.288065e-53
ENSG00000189221,3.475625e-52
ENSG00000120129,1.598958e-44
ENSG00000120129,1.801308e-42

